{
  "boi_token": "<start_of_image>",
  "bos_token": {
    "content": "<bos>",
    "lstrip": false,
    "normalized": false,
    "rstrip": false,
    "single_word": false
  },
  "eoi_token": "<end_of_image>",
  "eos_token": {
    "content": "<end_of_turn>",
    "lstrip": false,
    "normalized": false,
    "rstrip": false,
    "single_word": false
  },
  "image_token": "<image_soft_token>",
  "pad_token": {
    "content": "<pad>",
    "lstrip": false,
    "normalized": false,
    "rstrip": false,
    "single_word": false
  },
  "unk_token": {
    "content": "<unk>",
    "lstrip": false,
    "normalized": false,
    "rstrip": false,
    "single_word": false
  }
}
